{
  "accuracy": 0.956667,
  "best_model": "logistic_regression",
  "f1": 0.887348,
  "precision": 0.924188,
  "recall": 0.853333,
  "roc_auc": 0.991934,
  "test_rows": 3000,
  "threshold": 0.85,
  "train_rows": 9000,
  "validation_rows": 3000
}